{"0": [0.03931494243443012, -0.09290291453627023, -0.19568776796487244, 0.04889317867392409, -0.12935562878423792, 0.09272230679661417, 0.1963331096657467, -0.12055696610001508, -0.014785680200227282, 0.09827350048263642, -0.10826468249169094, 0.10170516847971488, -0.14385451224039902, -0.12342245044353396, 0.05310464309613136, -0.107822794678875], "1": [0.02542277363439401, -0.06995000431521071, -0.14001320861279964, 0.03465169368104802, -0.11148926139705712, 0.05318202218040824, 0.16141391260963348, -0.08558397884998056, -0.017359498008671734, 0.055572320293221206, -0.08891070737606949, 0.07625600493823488, -0.10381340359648068, -0.09849895723164082, 0.036869996104441166, -0.0958978659990761], "rage_swirl": [0.45027945867993613, -0.49537368457425723, -0.6224540295926008, 0.4351400753313845, -0.5881698388944973, 0.5587362447245554, 0.6202337552200664, -0.48408088562163437, -0.4416163902391087, 0.5734268257563765, -0.4454784641592679, 0.478765992955728, -0.5591224438764832, -0.4674747017296878, 0.2031946084038778, -0.5327160561626608], "reading": [0.03917499165982008, -0.07388949207961559, -0.14323921129107475, 0.03967386018484831, -0.1308613233268261, 0.056087600998580456, 0.17577171698212624, -0.09292993508279324, -0.033189982175827026, 0.05788273550570011, -0.10317780636250973, 0.0859381016343832, -0.10800955072045326, -0.11098936013877392, 0.0364597886800766, -0.1158247608691454], "confused": [0.500207601913384, -0.5448528176971844, -0.7263615599700383, 0.4382162413426808, -0.6787348581211907, 0.6318939599607672, 0.7326808678252357, -0.5635168360812324, -0.4771476893552712, 0.6355881903852735, -0.5486223325133324, 0.5132517069578171, -0.632016866334847, -0.548164960529123, 0.2137642917888505, -0.6344694505844798], "analysis_paralysis": [0.8099267685955222, -0.8573387156833302, -0.8923072218894958, 0.8557276569984176, -0.880429969592528, 0.8595003546638922, 0.9179706248370084, -0.8127350482073697, -0.8117450509559024, 0.8998520780693401, -0.7297766046090559, 0.8266344747760079, -0.831686634909023, -0.7461044083942067, 0.6262439685789022, -0.832319210876118], "comparison_Shopping": [0.7735674203354486, -0.7479516924644003, -0.863124454203917, 0.7023889420135897, -0.8307635112076389, 0.8475088440642065, 0.840754264167377, -0.7728130005452097, -0.7672267048334589, 0.8304956842746053, -0.7085951470902988, 0.7028587065180953, -0.8057091769819357, -0.750894808647584, 0.3794586364255876, -0.7636186895625932], "Comparison_Maze": [0.6122037768363953, -0.5861157208681107, -0.789906257390976, 0.4769737422466278, -0.7393238127231598, 0.7265830367803574, 0.7629626989364624, -0.6302735358476639, -0.5886463582515716, 0.6681132555007935, -0.6172599405050277, 0.5611273527145386, -0.7017217069864273, -0.6340434849262238, 0.21739253029227257, -0.6927983105182648], "Deep_Reading": [0.5842856962619156, -0.573238312941173, -0.7461764370572979, 0.48142081190799846, -0.6982203197890314, 0.6882408158532505, 0.7324177931094992, -0.6166315746718439, -0.5684964389636599, 0.6611900725241365, -0.5965160383232708, 0.5527423558564022, -0.6608294315379242, -0.6084915923661199, 0.2633131665402445, -0.6406640519291676], "Friction_Test": [0.7576270938540498, -0.7424454962213834, -0.8540164629618326, 0.6828544468929371, -0.8184472459057966, 0.8328643068671227, 0.8291106211642424, -0.7678327299654484, -0.755612333615621, 0.8146556429564953, -0.6919463643183311, 0.7092091689507166, -0.7927791339655718, -0.743545439094305, 0.4264407306909561, -0.741830479974548]}